backend,circuit,family,opt_level,shots,depth,n2q,p_success,mitigation
backend_A,ghz_6,ghz,1,2000,7,5,0.411,False
backend_A,random_6,random,1,2000,23,30,0.0545,False
backend_A,qaoa_like_6,qaoa_like,1,2000,40,24,0.1125,False
backend_A,gdj_toy_3_balanced,gdj_oracle,1,2000,6,2,0.4435,False
backend_B,ghz_6,ghz,1,2000,7,5,0.319,False
backend_B,random_6,random,1,2000,23,30,0.0385,False
backend_B,qaoa_like_6,qaoa_like,1,2000,40,24,0.072,False
backend_B,gdj_toy_3_balanced,gdj_oracle,1,2000,6,2,0.395,False
